LinkedInBot/1.0 (compatible; Mozilla/5.0; Jakarta Commons-HttpClient/3.1 +http://www.linkedin.com)
KDDI-CA31 UP.Browser/6.2.0.7.3.129 (GUI) MMP/2.0 (compatible; ichiro/mobile goo; +http://search.goo.ne.jp/option/use/sub4/sub4-1/)
Mozilla/5.0 (compatible; MSIE 7.0 +http://www.europarchive.org)
Mozilla/5.0 (iPhone; CPU iPhone OS 8_3 like Mac OS X) AppleWebKit/600.1.4 (KHTML, like Gecko) Version/8.0 Mobile/12F70 Safari/600.1.4 (compatible; Laserlikebot/0.1)
yacybot (-global; amd64 Windows 8 6.2; java 1.7.0_55; Europe/de) http://yacy.net/bot.html
findlinks/2.2 (+http://wortschatz.uni-leipzig.de/findlinks/)
mozilla/5.0 (compatible; discobot/1.1; +http://discoveryengine.com/discobot.html)
Mozilla/5.0 (compatible; Whoiswebsitebot/0.1; +http://www.whoiswebsite.net)
Mozilla/5.0 (compatible; URLAppendBot/1.0; +http://www.profound.net/urlappendbot.html)
Mozilla/5.0 (Windows NT 6.1; WOW64) AppleWebKit/534  (KHTML, like Gecko) BingPreview/1.0b
rogerbot/1.0 (http://www.seomoz.org/dp/rogerbot, rogerbot-crawler+shiny@seomoz.org)
Mozilla/5.0 (compatible; MegaIndex.ru/2.0; +https://www.megaindex.ru/?tab=linkAnalyze)
Mozilla/5.0 (compatible; spbot/4.0.3; +http://www.seoprofiler.com/bot )
WhatsApp/2.12.510 A
Mozilla/5.0 (compatible; MJ12bot/v1.2.4; http://www.majestic12.co.uk/bot.php?+)
Mozilla/5.0 (compatible; spbot/4.4.1; +http://OpenLinkProfiler.org/bot )
Mozilla/5.0 (compatible; Sonic/1.0; http://www.yama.info.waseda.ac.jp/~crawler/info.html)
findlinks/1.1.6-beta4 (+http://wortschatz.uni-leipzig.de/findlinks/)
SafeDNSBot (https://www.safedns.com/searchbot)
Mozilla/5.0 (compatible; heritrix/3.1.1; UniLeipzigASV +http://corpora.informatik.uni-leipzig.de/crawler_faq.html)
Mozilla/5.0 (compatible; spbot/2.0.1; +http://www.seoprofiler.com/bot/ )
msnbot-media/1.1 (+http://search.msn.com/msnbot.htm)
yacybot (/global; amd64 Linux 2.6.32-042stab094.8; java 1.7.0_79; America/en) http://yacy.net/bot.html
Mozilla/5.0 (compatible; linkdexbot/2.2; +http://www.linkdex.com/bots/)
Mozilla/5.0 (compatible; heritrix/2.0.2 +http://seekda.com)
Mozilla/5.0 (iPhone; CPU iPhone OS 7_0 like Mac OS X) AppleWebKit/537.51.1 (KHTML, like Gecko) Version/7.0 Mobile/11A465 Safari/9537.53 BingPreview/1.0b
Mozilla/5.0 (compatible; MJ12bot/v1.2.5; http://www.majestic12.co.uk/bot.php?+)
Mozilla/5.0 (compatible; YandexBot/3.0; +http://yandex.com/bots)
WhatsApp/2.16.57 A
WhatsApp/2.12.548 A
GarlikCrawler/1.2 (http://garlik.com/, crawler@garlik.com)
yacybot (-global; amd64 Linux 3.16.0-4-amd64; java 1.7.0_75; Europe/en) http://yacy.net/bot.html
DoCoMo/2.0 P900i(c100;TB;W24H11) (compatible; ichiro/mobile goo; +http://help.goo.ne.jp/help/article/1142/)
eCairn-Grabber/1.0 (+http://ecairn.com/grabber) curl/7.15
Mozilla/5.0 (compatible; Lipperhey-Kaus-Australis/5.0; +https://www.lipperhey.com/en/about/)
ichiro/3.0 (http://help.goo.ne.jp/door/crawler.html)
Cliqzbot/0.1 (+http://cliqz.com +cliqzbot@cliqz.com)
findlinks/1.1.6-beta2 (+http://wortschatz.uni-leipzig.de/findlinks/)
Mozilla/5.0 (Macintosh; Intel Mac OS X 10.10; rv:41.0) Gecko/20100101 Firefox/55.0 BrandVerity/1.0 (http://www.brandverity.com/why-is-brandverity-visiting-me)
phpcrawl
Mozilla/5.0 (Windows; U; Windows NT 5.1; fr; rv:1.8.1) VoilaBot BETA 1.2 (support.voilabot@orange-ftgroup.com)
Mozilla/4.0 (compatible; grub-client-1.0.7; Crawl your own stuff with http://grub.org)
msnbot/2.0b (+http://search.msn.com/msnbot.htm)._
adidxbot/1.1 (+http://search.msn.com/msnbot.htm)
binlar_2.6.3 test@mgmt.mic
yacybot (-global; amd64 Linux 3.14.32-xxxx-grs-ipv6-64; java 1.8.0_111; Europe/de) http://yacy.net/bot.html
Mozilla/5.0 (iPhone; CPU iPhone OS 8_1 like Mac OS X) AppleWebKit/600.1.4 (KHTML, like Gecko) Version/8.0 Mobile/12B410 Safari/600.1.4 (Applebot/0.1; +http://www.apple.com/go/applebot)
Digg Deeper/v1 (http://digg.com/about)
Mozilla/4.0 (compatible; grub-client-1.4.3; Crawl your own stuff with http://grub.org)
Twitterbot/1.0
Mozilla/5.0 (compatible; archive.org_bot +http://www.archive.org/details/archive.org_bot)
Mozilla/5.0 (compatible; ScoutJet; +http://www.scoutjet.com/)
Mozilla/5.0 (compatible; AhrefsBot/5.2;  http://ahrefs.com/robot/)
Mozilla/5.0 (iPhone; U; CPU iPhone OS 4_1 like Mac OS X; en-us) AppleWebKit/532.9 (KHTML, like Gecko) Version/4.0.5 Mobile/8B117 Safari/6531.22.7 (compatible; Mediapartners-Google/2.1; +http://www.google.com/bot.html)
Y!J-ASR/0.1 crawler (http://www.yahoo-help.jp/app/answers/detail/p/595/a_id/42716/)
newspaper/0.2.5
binlar_2.6.3 binlar2.6.3@unspecified.mail
findlinks/1.1.5-beta7 (+http://wortschatz.uni-leipzig.de/findlinks/)
Mozilla/5.0 (compatible; discobot/2.0; +http://discoveryengine.com/discobot.html)
Mozilla/5.0 AppleWebKit/537.36 (KHTML, like Gecko; Google Web Preview Analytics) Chrome/27.0.1453 Safari/537.36 (compatible; Googlebot/2.1; +http://www.google.com/bot.html)
Apache-HttpClient/4.3.3 (java 1.5)
Mozilla/5.0 (compatible; redditbot/1.0; +http://www.reddit.com/feedback)
Mozilla/5.0 (compatible; SeznamBot/3.2; +http://napoveda.seznam.cz/en/seznambot-intro/)
Twitterbot/0.1
Mozilla/5.0 (compatible; Discordbot/2.0; +https://discordapp.com)
Mozilla/5.0 (compatible; heritrix/3.3.0-SNAPSHOT-20160309-0050; UniLeipzigASV +http://corpora.informatik.uni-leipzig.de/crawler_faq.html)
Mozilla/5.0 (compatible; memorybot/1.21.14 +http://mignify.com/bot.html)
crawler4j (http://code.google.com/p/crawler4j/)
Wget/1.14 (linux-gnu)
Mozilla/5.0 (compatible; woriobot support [at] zite [dot] com +http://zite.com)
Mozilla/5.0 (iPhone; U; CPU iPhone OS 4_1 like Mac OS X; en-us) AppleWebKit/532.9 (KHTML, like Gecko) Version/4.0.5 Mobile/8B117 Safari/6531.22.7 (compatible; Googlebot-Mobile/2.1; +http://www.google.com/bot.html)
findlinks/2.1.5 (+http://wortschatz.uni-leipzig.de/findlinks/)
Mozilla/5.0 (Windows NT 6.1) AppleWebKit/537.36 (KHTML, like Gecko) Chrome/59.0.3071.109 Safari/537.36
Screaming Frog SEO Spider/5.1
dotbot
www.deadlinkchecker.com Mozilla/5.0 (Windows NT 6.1; WOW64) AppleWebKit/537.36 (KHTML, like Gecko) Chrome/46.0.2490.86 Safari/537.36
DoCoMo/2.0 P900i(c100;TB;W24H11)(compatible; ichiro/mobile goo;+http://help.goo.ne.jp/door/crawler.html)
Mozilla/5.0 (compatible; SeznamBot/3.2-test4; +http://napoveda.seznam.cz/en/seznambot-intro/)
Slack-ImgProxy 149 (+https://api.slack.com/robots)
Mozilla/5.0 (compatible; IstellaBot/1.23.15 +http://www.tiscali.it/)
Sogou web spider/4.0(+http://www.sogou.com/docs/help/webmasters.htm#07)
Apache-HttpClient/4.3.1 (java 1.5)
Mozilla/5.0 (compatible; spbot/4.0.9; +http://OpenLinkProfiler.org/bot )
Mozilla/5.0 (iPhone; CPU iPhone OS 7_0 like Mac OS X) AppleWebKit/537.51.1 (KHTML, like Gecko) Version/7.0 Mobile/11A465 Safari/9537.53 (compatible; bingbot/2.0; +http://www.bing.com/bingbot.htm)
coccoc/1.0 (http://help.coccoc.com/)
CCBot/2.0 (http://commoncrawl.org/faq/)
Mozilla/5.0 (compatible; ZumBot/1.0; http://help.zum.com/inquiry)
msnbot-NewsBlogs/2.0b (+http://search.msn.com/msnbot.htm)
Livelapbot/0.1
Mozilla/5.0 (compatible; RankSonicSiteAuditor/1.0; +https://ranksonic.com/ranksonic_sab.html)
Mozilla/5.0 (compatible; Ezooms/1.0; ezooms.bot@gmail.com)
Embedly +support@embed.ly
coccoc
Mediapartners-Google
Mozilla/5.0 (X11; Linux x86_64) AppleWebKit/537.36 (KHTML, like Gecko) WordPress.com mShots Safari/537.36
rogerbot/1.0 (http://www.seomoz.org/dp/rogerbot, rogerbot-wherecat@moz.com)
SimpleCrawler/0.1
BUbiNG (+http://law.di.unimi.it/BUbiNG.html)
Mozilla/5.0 (Windows NT 6.3;compatible; Leikibot/1.0; +http://www.leiki.com)
AdsBot-Google (+http://www.google.com/adsbot.html)
findlinks/1.1.6-beta6 (+http://wortschatz.uni-leipzig.de/findlinks/)
Googlebot-News
WhatsApp/2.12.555 A
SEMrushBot
DoCoMo/2.0 N905i(c100;TB;W24H16) (compatible; Googlebot-Mobile/2.1; +http://www.google.com/bot.html)
Mozilla/5.0 (Windows; U; Windows NT 5.1; en-US) Speedy Spider (http://www.entireweb.com/about/search_tech/speedy_spider/)
Mozilla/5.0 (compatible; MJ12bot/v1.4.4 (domain ownership verifier); http://www.majestic12.co.uk/bot.php?+)
Slack-ImgProxy 0.66 (+https://api.slack.com/robots)
newspaper/0.1.0.7
Mozilla/5.0 (compatible; Exabot-Images/3.0; +http://www.exabot.com/go/robot)
netEstate NE Crawler (+http://www.website-datenbank.de/)
Mozilla/5.0 (compatible; XoviBot/2.0; +http://www.xovibot.net/)
Nokia6820/2.0 (4.83) Profile/MIDP-1.0 Configuration/CLDC-1.0 (compatible; Googlebot-Mobile/2.1; +http://www.google.com/bot.html)
Mozilla/5.0 (compatible; heritrix/1.14.3.r6601 +http://www.buddybuzz.net/yptrino)
OutclicksBot/2 +https://www.outclicks.net/agent/gIYbZ38dfAuhZkrFVl7sJBFOUhOVct6J1SvxgmBZgCe
Mozilla/5.0 (compatible; spbot/2.1; +http://www.seoprofiler.com/bot )
Mozilla/5.0 (compatible; BehloolBot/beta; +http://www.webeaver.com/bot)
Mozilla/5.0 (Windows NT 10.0; WOW64) AppleWebKit/537.36 (KHTML, like Gecko) Chrome/45.0.2454.93 Safari/537.36
Mozilla/5.0 AppleWebKit/537.36 (KHTML, like Gecko; compatible; Googlebot/2.1;  http://www.google.com/bot.html) Safari/537.36
Googlebot-Video/1.0
findlinks/2.6 (+http://wortschatz.uni-leipzig.de/findlinks/)
Mozilla/5.0 (compatible; Mappy/1.0;  http://mappydata.net/bot/)
yacybot (/global; amd64 Linux 2.6.32-573.3.1.el6.x86_64; java 1.7.0_85; Europe/en) http://yacy.net/bot.html
Mozilla/5.0 (compatible; yoozBot-2.2; http://yooz.ir; info@yooz.ir)
Mozilla/5.0 (compatible; 007ac9 Crawler; http://crawler.007ac9.net/)
Mozilla/5.0 (iPhone; CPU iPhone OS 7_0 like Mac OS X) AppleWebKit/537.51.1 (KHTML, like Gecko) Version/7.0 Mobile/11A465 Safari/9537.53 (compatible; adidxbot/2.0;  http://www.bing.com/bingbot.htm)
Mozilla/5.0 (TweetmemeBot/4.0; +http://datasift.com/bot.html) Gecko/20100101 Firefox/31.0
Mozilla/5.0 (compatible; coccoc/1.0; +http://help.coccoc.com/searchengine)
msnbot-UDiscovery/2.0b (+http://search.msn.com/msnbot.htm)
WhatsApp/2.12.453 A
rogerbot/1.1 (http://moz.com/help/guides/search-overview/crawl-diagnostics#more-help, rogerbot-crawler+pr4-crawler-11@moz.com)
Mozilla/5.0 (compatible; Daum/4.1; +http://cs.daum.net/faq/15/4118.html?faqId=28966)
Mozilla/5.0 (iPhone; CPU iPhone OS 9_1 like Mac OS X) AppleWebKit/601.1.46 (KHTML, like Gecko) Version/9.0 Mobile/13B143 Safari/601.1 (compatible; AdsBot-Google-Mobile; +http://www.google.com/mobile/adsbot.html)
DuckDuckBot/1.1; (+http://duckduckgo.com/duckduckbot.html)
Mozilla/5.0 (compatible; Yeti/1.1; +http://naver.me/bot)
findlinks/1.1.3-beta8 (+http://wortschatz.uni-leipzig.de/findlinks/)
Mozilla/5.0 (compatible; MetaJobBot; http://www.metajob.de/crawler)
Mozilla/5.0 (compatible; MJ12bot/v1.3.1; http://www.majestic12.co.uk/bot.php?+)
Upflow/1.0
findlinks/2.0.9 (+http://wortschatz.uni-leipzig.de/findlinks/)
Mozilla/5.0 (compatible; spbot/4.0.6; +http://www.seoprofiler.com/bot )
Mozilla/5.0 (compatible; Qwantify/2.0n; +https://www.qwant.com/)/*
Mozilla/5.0 (compatible; AdvBot/2.0; +http://advbot.net/bot.html)
Mozilla/5.0 (compatible; linkdexbot/2.0; +http://www.linkdex.com/bots/)
Mozilla/5.0 (compatible; DeuSu/0.1.0; +https://deusu.org)
Mozilla/5.0 (compatible; SiteExplorer/1.1b; +http://siteexplorer.info/Backlink-Checker-Spider/)
Mozilla/5.0 (compatible; coccoc/1.0; +http://help.coccoc.com/)
Wotbox/2.01 (+http://www.wotbox.com/bot/)
Mozilla/5.0 (compatible; MJ12bot/v1.4.8; http://mj12bot.com/)
Mozilla/5.0 (compatible; MSIE or Firefox mutant; not on Windows server;) Daumoa/4.0 (Following Mediapartners-Google)
GigablastOpenSource/1.0
Mozilla/5.0 (compatible; Lipperhey Site Explorer; http://www.lipperhey.com/)
yacybot (/global; amd64 Linux 3.13.0-45-generic; java 1.7.0_75; Europe/en) http://yacy.net/bot.html
yacybot (/global; amd64 FreeBSD 10.3-RELEASE-p7; java 1.7.0_95; GMT/en) http://yacy.net/bot.html
Ocarinabot
Buck/2.2; (+https://app.hypefactors.com/media-monitoring/about.html)
coccoc/1.0 ()
findlinks/2.0.1 (+http://wortschatz.uni-leipzig.de/findlinks/)
LivelapBot/0.2 (http://site.livelap.com/crawler)
Slackbot-LinkExpanding (+https://api.slack.com/robots)
W3C-checklink/4.5 [4.154] libwww-perl/5.823
MJ12bot/v1.2.0 (http://majestic12.co.uk/bot.php?+)
binlar_2.6.3 binlar_2.6.3@unspecified.mail
Python-urllib/2.7 (+http://ella.juls.savba.sk/aranea_about)
facebookexternalhit/1.1 (+http://www.facebook.com/externalhit_uatext.php)
Slack-ImgProxy 1.138 (+https://api.slack.com/robots)
Mozilla/5.0 (compatible; linkdexbot/2.0; +http://www.linkdex.com/about/bots/)
Mozilla/5.0 (Macintosh; Intel Mac OS X 10_10_1) AppleWebKit/537.36 (KHTML, like Gecko) Chrome/40.0.2214.111 Safari/537.36 moatbot
Mozilla/5.0 (Windows NT 6.2) AppleWebKit/537.36 (KHTML, like Gecko) Chrome/31.0.1650.63 Safari/537.36 QIHU 360SE; 360Spider
netEstate NE Crawler (+http://www.sengine.info/)
PostRank/2.0 (postrank.com)
Mozilla/5.0 (compatible; StorygizeBot; http://www.storygize.com)
Mozilla/5.0 (compatible; spbot/4.0; +http://www.seoprofiler.com/bot )
Mozilla/5.0 (compatible; heritrix/3.2.0 +http://www.crim.ca)
Ruby, Twurly v1.1 (http://twurly.org)
Mozilla/5.0 (Macintosh; Intel Mac OS X 10_10_1) AppleWebKit/600.2.5 (KHTML, like Gecko) Version/8.0.2 Safari/600.2.5 (Applebot/0.1)
Mozilla/5.0 (compatible; Lipperhey Link Explorer; http://www.lipperhey.com/)
Mozilla/5.0 (compatible; SeznamBot/3.2-test1; +http://napoveda.seznam.cz/en/seznambot-intro/)
rogerbot/1.0 (http://moz.com/help/pro/what-is-rogerbot-, rogerbot-crawler+partager@moz.com)
Mozilla/5.0 (Windows NT 10.0; Win64; x64; rv:57.0) Gecko/20100101 Firefox/57.0 (wewatchtgbu Market Insights; like quantcastbtot)
Pcore-HTTP/v0.40.3
LinkedInBot/1.0 (compatible; Mozilla/5.0; Jakarta Commons-HttpClient/4.3 +http://www.linkedin.com)
Mozilla/5.0 (compatible; heritrix/3.1.1 +http://places.tomtom.com/crawlerinfo)
Mozilla/5.0 (compatible) AppleWebKit/537.36 (KHTML, like Gecko) Chrome/47.0.2526.73 Safari/537.36 collection@infegy.com
DomainStatsBot/1.0 (http://domainstats.io/our-bot)
Mozilla/5.0 (Windows; U; Windows NT 5.1; en; rv:1.9.0.13) Gecko/2009073022 Firefox/3.5.2 (.NET CLR 3.5.30729) SurveyBot/2.3 (DomainTools)
librabot/2.0 (+http://search.msn.com/msnbot.htm)
Mozilla/5.0 (Windows NT 6.1) AppleWebKit/537.1 (KHTML, like Gecko) Chrome/21.0.1180.89 Safari/537.1; 360Spider(compatible; HaosouSpider; http://www.haosou.com/help/help_3_2.html)
CapsuleChecker (http://www.capsulink.com/)
yacybot (/global; amd64 Linux 3.16.0-4-amd64; java 1.7.0_111; Europe/de) http://yacy.net/bot.html
AddThis.com robot tech.support@clearspring.com
Mozilla/5.0 (Unknown; Linux x86_64) AppleWebKit/538.1 (KHTML, like Gecko) PhantomJS/2.1.1 Safari/538.1 bl.uk_lddc_renderbot/2.0.0 (+ http://www.bl.uk/aboutus/legaldeposit/websites/websites/faqswebmaster/index.html)
Mozilla/5.0 (compatible; Cliqzbot/1.0 +http://cliqz.com/company/cliqzbot)
Mozilla/5.0 (compatible; Snacktory; +https://github.com/karussell/snacktory)
Mozilla/5.0 (compatible; SiteExplorer/1.0b; +http://siteexplorer.info/)
linkdexbot/Nutch-1.0-dev (http://www.linkdex.com/; crawl at linkdex dot com)
DuckDuckBot/1.0; (+http://duckduckgo.com/duckduckbot.html)
Mozilla/5.0 (iPhone; CPU iPhone OS 8_1 like Mac OS X) AppleWebKit/600.1.4 (KHTML, like Gecko) Version/8.0 Mobile/12B411 Safari/600.1.4 (compatible; YandexMobileBot/3.0;  http://yandex.com/bots)
Mozilla/4.0 (compatible; grub-client-1.0.6; Crawl your own stuff with http://grub.org)
findlinks/2.0.5 (+http://wortschatz.uni-leipzig.de/findlinks/)
Mozilla/5.0 (compatible; imagecoccoc/1.0; +http://help.coccoc.com/)
Mozilla/5.0 (compatible; spbot/4.0.5; +http://www.seoprofiler.com/bot )
KDDI-CA31 UP.Browser/6.2.0.7.3.129 (GUI) MMP/2.0 (compatible; ichiro/mobile goo; +http://help.goo.ne.jp/help/article/1142/)
Mozilla/5.0 (Windows Phone 8.1; ARM; Trident/7.0; Touch; rv:11.0; IEMobile/11.0; NOKIA; Lumia 530) like Gecko (compatible; adidxbot/2.0; +http://www.bing.com/bingbot.htm)
yacybot (/global; amd64 Linux 3.13.0-042stab093.4; java 1.7.0_79; Europe/en) http://yacy.net/bot.html
Mozilla/5.0 (compatible; heritrix/1.14.3 +http://www.accelobot.com)
WhatsApp/2.16.2/i
findlinks/2.5 (+http://wortschatz.uni-leipzig.de/findlinks/)
Mozilla/5.0 (X11; U; Linux i686; en-US; rv:1.9.1.3; ips-agent) Gecko/20090824 Fedora/1.0.7-1.1.fc4  Firefox/3.5.3
sentry/8.22.0 (https://sentry.io)
Aboundex/0.2 (http://www.aboundex.com/crawler/)
Mozilla/5.0 (compatible; OrangeBot/2.0; support.orangebot@orange.com
Mozilla/5.0 (iPhone; CPU iPhone OS 8_1 like Mac OS X) AppleWebKit/600.1.4 (KHTML, like Gecko) Version/8.0 Mobile/12B411 Safari/600.1.4 (compatible; YandexMobileBot/3.0; +http://yandex.com/bots)
Mozilla/5.0 (compatible; Baiduspider-render/2.0;  http://www.baidu.com/search/spider.html)
CC Metadata Scaper http://wiki.creativecommons.org/Metadata_Scraper
Mozilla/5.0 (compatible; proximic; +http://www.proximic.com)
Mozilla/5.0+(compatible; UptimeRobot/2.0; http://www.uptimerobot.com/)
Mozilla/5.0 (compatible; MSIE 9.0; Windows NT 6.1; Trident/5.0); 360Spider(compatible; HaosouSpider; http://www.haosou.com/help/help_3_2.html)
drupact/0.7; http://www.arocom.de/drupact
Mozilla/5.0 (Windows NT 5.1; U; Win64; fr; rv:1.8.1) VoilaBot BETA 1.2 (support.voilabot@orange-ftgroup.com)
Mozilla/5.0 (compatible; Speedy Spider; http://www.entireweb.com/about/search_tech/speedy_spider/)
Mozilla/5.0 (compatible; MJ12bot/v1.4.3; http://www.majestic12.co.uk/bot.php?+)
librabot/1.0 (+http://search.msn.com/msnbot.htm)
Mozilla/5.0 AppleWebKit/537.36 (KHTML, like Gecko; Google Web Preview Analytics) Chrome/41.0.2272.118 Safari/537.36 (compatible; Googlebot/2.1;  http://www.google.com/bot.html)
GingerCrawler/1.0 (Language Assistant for Dyslexics; www.gingersoftware.com/crawler_agent.htm; support at ginger software dot com)
CipaCrawler/3.0 (info@domaincrawler.com; http://www.domaincrawler.com/www.example.com)
Mozilla/5.0 (Windows; U; Windows NT 6.0; en-GB; rv:1.0; trendictionbot0.5.0; trendiction search; http://www.trendiction.de/bot; please let us know of any problems; web at trendiction.com) Gecko/20071127 Firefox/3.0.0.11
yacybot (/global; amd64 Linux 3.10.0-229.7.2.el7.x86_64; java 1.8.0_45; Europe/en) http://yacy.net/bot.html
Mozilla/5.0 (compatible; heritrix/1.14.3 +http://www.webarchiv.cz)
WhatsApp/2.12.17/i
Mozilla/5.0 (compatible; vebidoobot/1.0; +https://blog.vebidoo.de/vebidoobot/
W3C-checklink/3.6.2.3 libwww-perl/5.64
Mozilla/5.0 (iPhone; CPU iPhone OS 8_3 like Mac OS X) AppleWebKit/600.1.4 (KHTML, like Gecko) Version/8.0 Mobile/12F70 Safari/600.1.4 (compatible; Googlebot/2.1; +http://www.google.com/bot.html)
Mozilla/5.0 (Windows; U; Windows NT 5.1; zh-CN; rv:1.8.0.11) Gecko/20070312 Firefox/1.5.0.11; 360Spider
rogerbot/1.0 (http://moz.com/help/pro/what-is-rogerbot-, rogerbot-wherecat@moz.com
Mozzila/5.0 (compatible; Sonic/1.0; http://www.yama.info.waseda.ac.jp/~crawler/info.html)
Python-urllib/2.7 (+http://sketch.juls.savba.sk/aranea_about)
Mozilla/5.0 (compatible; DnyzBot/1.0) AppleWebKit/537.36 (KHTML, like Gecko) HeadlessChrome/64.0.3282.167 Safari/537.36
Mozilla/5.0 (Windows NT 10.0; Win64; x64) AppleWebKit/537.36 (KHTML, like Gecko) Chrome/64.0.3282.140 Safari/537.36
httpunit/1.x
findlinks/1.1.6-beta3 (+http://wortschatz.uni-leipzig.de/findlinks/)
DoCoMo/2.0 P900i(c100;TB;W24H11) (compatible; ichiro/mobile goo; +http://search.goo.ne.jp/option/use/sub4/sub4-1/)
MetaURI API/2.0 +metauri.com
Mozilla/5.0 (compatible; spbot/1.0; +http://www.seoprofiler.com/bot/ )
Mozilla/5.0 (compatible; image.coccoc/1.0; +http://help.coccoc.com/)
Mozilla/5.0 (X11; U; Linux i686; en-US; rv:1.7.12; ips-agent) Gecko/20050922 Fedora/1.0.7-1.1.fc4 Firefox/1.0.7
Mozilla/5.0 (compatible; Gluten Free Crawler/1.0; +http://glutenfreepleasure.com/)
Mozilla/5.0 (compatible; ToutiaoSpider/1.0; http://web.toutiao.com/media_cooperation/;)
yacybot (-global; amd64 Linux 3.2.0-4-amd64; java 1.7.0_65; Europe/en) http://yacy.net/bot.html
yacybot (/global; amd64 Linux 3.11.10-21-desktop; java 1.7.0_51; America/en) http://yacy.net/bot.html
cXensebot/1.1a
Mozilla/5.0 (compatible; spbot/5.0.3; +http://OpenLinkProfiler.org/bot )
Mozilla/5.0 (X11; Linux x86_64) AppleWebKit/537.36 (KHTML, like Gecko) HeadlessChrome/67.0.3372.0 Safari/537.36 WordPress.com mShots
Mozilla/5.0 (compatible; YandexWebmaster/2.0; +http://yandex.com/bots)
facebookexternalhit/1.1
dcrawl/1.0
Mozilla/5.0 AppleWebKit/537.36 (KHTML, like Gecko; compatible; Googlebot/2.1; +http://www.google.com/bot.html) Safari/537.36
yacybot (-global; amd64 Linux 3.13.0-61-generic; java 1.7.0_79; Europe/en) http://yacy.net/bot.html
W3C-checklink/4.5 [4.160] libwww-perl/5.823
mindUpBot (datenbutler.de)
findlinks/1.1.3-beta9 (+http://wortschatz.uni-leipzig.de/findlinks/)
Mozilla/5.0 (Windows NT 6.1) AppleWebKit/537.36 (KHTML, like Gecko) Chrome/63.0.3239.84 Safari/537.36
Mozilla/4.0 (compatible; MSIE 8.0; Windows NT 5.1; Trident/4.0; .NET CLR 2.0.50727; .NET CLR 3.0.04506.648; .NET CLR 3.5.21022; .NET CLR 3.0.4506.2152; .NET CLR 3.5.30729; InfoPath.2)
Mozilla/5.0 (compatible; DnyzBot/1.0)
facebookexternalhit/1.0 (+http://www.facebook.com/externalhit_uatext.php)
Mozilla/5.0 (Windows NT 6.1; Win64; x64; rv:59.0) Gecko/20100101 Firefox/59.0
TinEye/1.1 (http://tineye.com/crawler.html)
ia_archiver (+http://www.alexa.com/site/help/webmasters; crawler@alexa.com)
Mozilla/5.0 (compatible; heritrix/1.14.3 +http://archive.org)
Mozilla/5.0 (Windows NT 6.1; WOW64) AppleWebKit/534+ (KHTML, like Gecko) BingPreview/1.0b
Mozilla/4.0 (compatible; grub-client-1.1.1; Crawl your own stuff with http://grub.org)
Mozilla/5.0 (iPhone; CPU iPhone OS 10_2_1 like Mac OS X) AppleWebKit/602.4.6 (KHTML, like Gecko) Version/10.0 Mobile/14D27 Safari/602.1 (wewatchtgbu Market Insights; like quantcastbtot)
WhatsApp/2.16.13 A
Mozilla/5.0 (Windows NT 10.0; Win64; x64; rv:59.0) Gecko/20100101 Firefox/59.0
Mozilla/5.0 (compatible; MJ12bot/v1.4.1; http://www.majestic12.co.uk/bot.php?+)
Mozilla/5.0 (compatible; Primalbot; +https://www.primal.com;)
Mozilla/5.0 (X11; U; Linux i686; en-US; rv:1.9.2.24; ips-agent) Gecko/20111107 Ubuntu/10.04 (lucid) Firefox/3.6.24
Mozilla/5.0 (compatible; MojeekBot/0.6; http://www.mojeek.com/bot.html)
Apache-HttpClient/UNAVAILABLE (java 1.4)
ichiro/4.0 (http://help.goo.ne.jp/door/crawler.html)
Mozilla/5.0 (compatible; sukibot_heritrix/3.1.1 +http://suki.ling.helsinki.fi/eng/webmasters.html)
Mozilla/5.0 (compatible; bingbot/2.0; +http://www.bing.com/bingbot.htm
Mozilla/5.0 (Windows NT 10.0; Win64; x64) AppleWebKit/537.36 (KHTML, like Gecko) Chrome/63.0.3239.132 Safari/537.36
rogerbot/1.0 (http://www.moz.com/dp/rogerbot, rogerbot-crawler@moz.com)
yacybot (-global; amd64 Linux 4.4.0-57-generic; java 9-internal; Europe/en) http://yacy.net/bot.html
Mozilla/5.0 (compatible; FemtosearchBot/1.0; http://femtosearch.com)
Mozilla/4.0 (compatible; MSIE 6.0; Windows NT 5.1; SV1;  http://www.changedetection.com/bot.html )
findlinks/2.0 (+http://wortschatz.uni-leipzig.de/findlinks/)
Apache-HttpClient/4.3.5 (java 1.5)
Mozilla/5.0 (Windows NT 10.0; Win64; x64; rv:58.0) Gecko/20100101 Firefox/58.0
Mozilla/4.5 (compatible; HTTrack 3.0x; Windows 98)
yacybot (/global; amd64 Linux 3.16-0.bpo.2-amd64; java 1.7.0_65; Europe/en) http://yacy.net/bot.html
Mozilla/5.0 (Linux; Android 5.0; SM-G920A) AppleWebKit (KHTML, like Gecko) Chrome Mobile Safari (compatible; AdsBot-Google-Mobile; +http://www.google.com/mobile/adsbot.html)
Gigabot/2.0 (http://www.gigablast.com/spider.html)
Mozilla/5.0 (compatible; spbot/5.0.1; +http://OpenLinkProfiler.org/bot )
Mozilla/5.0 (Windows NT 6.1) AppleWebKit/537.1 (KHTML, like Gecko) Chrome/21.0.1180.89 Safari/537.1; 360Spider
Mozilla/5.0 (Windows NT 6.1; Win64; x64; rv:57.0) Gecko/20100101 Firefox/57.0
yacybot (/global; amd64 FreeBSD 10.3-RELEASE; java 1.8.0_77; GMT/en) http://yacy.net/bot.html
linkdex.com/v2.0
Mozilla/5.0 (X11; Ubuntu; Linux x86_64; rv:49.0) Gecko/20100101 Firefox/49.0 / GnowitNewsbot / Contact information at http://www.gnowit.com
Mozilla/5.0 (compatible; MJ12bot/v1.4.6; http://mj12bot.com/)
psbot/0.1 (+http://www.picsearch.com/bot.html)
http.rb/2.2.2 (Mastodon/1.5.1; +https://example-masto-instance.org/)
findlinks/1.0 (+http://wortschatz.uni-leipzig.de/findlinks/)
FAST Enterprise Crawler 6 / Scirus scirus-crawler@fast.no; http://www.scirus.com/srsapp/contactus/
yacybot (/global; amd64 Linux 3.13.0-85-generic; java 1.7.0_95; Europe/en) http://yacy.net/bot.html
Mozilla/5.0 (compatible; MojeekBot/0.6; +https://www.mojeek.com/bot.html)
ichiro/3.0 (http://help.goo.ne.jp/help/article/1142)
yacybot (/global; amd64 Linux 3.13.0-74-generic; java 1.7.0_91; Europe/en) http://yacy.net/bot.html
yacybot (-global; amd64 Linux 3.10.0-229.4.2.el7.x86_64; java 1.8.0_45; Europe/en) http://yacy.net/bot.html
MojeekBot/0.2 (archi; http://www.mojeek.com/bot.html)
Mozilla/5.0 (compatible; MJ12bot/v1.4.4; http://www.majestic12.co.uk/bot.php?+)
omgili/0.5 +http://omgili.com
okhttp/2.5.0
BLP_bbot/0.1
Jamie's Spider (http://jamiembrown.com/)
Yanga WorldSearch Bot v1.1/beta (http://www.yanga.co.uk/)
yacybot (/global; amd64 Linux 3.16.0-4-amd64; java 1.7.0_79; Europe/de) http://yacy.net/bot.html
Mozilla/5.0 (compatible; discobot/1.0; +http://discoveryengine.com/discobot.html)
binlar_2.6.3 larbin2.6.3@unspecified.mail
yacybot (/global; amd64 Linux 3.10.0-327.22.2.el7.x86_64; java 1.7.0_101; Etc/en) http://yacy.net/bot.html
Mozilla/5.0 (iPhone; CPU iPhone OS 8_0 like Mac OS X) AppleWebKit/600.1.3 (KHTML, like Gecko) Version/8.0 Mobile/12A4345d Safari/600.1.4 moatbot
Scrapy/1.0.3 (+http://scrapy.org)
rogerbot/1.0 (http://moz.com/help/pro/what-is-rogerbot-, rogerbot-wherecat@moz.com)
Traackr.com
ICC-Crawler/2.0 (Mozilla-compatible; ; http://ucri.nict.go.jp/en/icccrawler.html)
Mozilla/5.0 (compatible; spbot/4.2.0; +http://OpenLinkProfiler.org/bot )
Mozilla/5.0 (compatible; Findxbot/1.0; +http://www.findxbot.com)
2Bone_LinkChkr/1.0 libwww-perl/6.03
AdsBot-Google-Mobile-Apps
Mozilla/5.0 (compatible; MJ12bot/v1.4.0; http://www.majestic12.co.uk/bot.php?+)
Mozilla/5.0 (compatible; spbot/4.0.1; +http://www.seoprofiler.com/bot )
yacybot (/global; amd64 Linux 3.13.0-85-generic; java 1.7.0_101; Europe/en) http://yacy.net/bot.html
WeSEE:Search/0.1 (Alpha, http://www.wesee.com/en/support/bot/)
Mozilla/5.0 (compatible; heritrix/3.1.1-SNAPSHOT-20120116.200628 +http://www.archive.org/details/archive.org_bot)
Mozilla/5.0 (compatible; spbot/4.4.0; +http://OpenLinkProfiler.org/bot )
KDDI-CA31 UP.Browser/6.2.0.7.3.129 (GUI) MMP/2.0 (compatible; ichiro/mobile goo;+http://search.goo.ne.jp/option/use/sub4/sub4-1/)
Mozilla/5.0 (compatible; Exabot/3.0; +http://www.exabot.com/go/robot)
Mozilla/5.0 (compatible; coccocbot-web/1.0; +http://help.coccoc.com/searchengine)
Mozilla/5.0 (compatible; heritrix/1.14.2 +http://www.webarchiv.cz)
Mozilla/5.0 (compatible; fr-crawler/1.1)
Mozilla/5.0 (compatible; Exabot PyExalead/3.0; +http://www.exabot.com/go/robot)
Mozilla/5.0 (compatible; coccocbot-image/1.0; +http://help.coccoc.com/searchengine)
Summify (Summify/1.0.1; +http://summify.com)
SAMSUNG-SGH-E250/1.0 Profile/MIDP-2.0 Configuration/CLDC-1.1 UP.Browser/6.2.3.3.c.1.101 (GUI) MMP/2.0 (compatible; Googlebot-Mobile/2.1; +http://www.google.com/bot.html)
Jugendschutzprogramm-Crawler; Info: http://www.jugendschutzprogramm.de
yacybot (-global; amd64 Linux 3.10.0-229.4.2.el7.x86_64; java 1.7.0_79; Europe/en) http://yacy.net/bot.html
Mozilla/5.0 (compatible; linkdexbot/2.1; +http://www.linkdex.com/bots/)
Mozilla/5.0 (compatible; heritrix/3.1.1 +http://www.mixdata.com)
adbeat_bot
Mozilla/5.0 (compatible; botify; http://botify.com)
PostRank/2.0 (postrank.com; 1 subscribers)
Slackbot-LinkExpanding 1.0 (+https://api.slack.com/robots)
NING/1.0
W3C-checklink/4.3 [4.42] libwww-perl/5.820
Mozilla/5.0 (compatible; spbot/4.0.2; +http://www.seoprofiler.com/bot )
yacybot (/global; amd64 Linux 3.16.0-4-amd64; java 1.7.0_75; Europe/en) http://yacy.net/bot.html
Mozilla/5.0 (compatible; TinEye-bot/1.31; +http://www.tineye.com/crawler.html)
Mozilla/4.0 (compatible; grub-client-1.3.1; Crawl your own stuff with http://grub.org)
Buzzbot/1.0 (Buzzbot; http://www.buzzstream.com; buzzbot@buzzstream.com)
Mozilla/5.0 (Linux; Android 6.0.1; Nexus 5X Build/MMB29P) AppleWebKit/537.36 (KHTML, like Gecko) Chrome/41.0.2272.96 Mobile Safari/537.36 (compatible; Googlebot/2.1; +http://www.google.com/bot.html)
Mozilla/2.0 (compatible; Ask Jeeves/Teoma; +http://sp.ask.com/docs/about/tech_crawling.html)
Mozilla/5.0 (compatible; spbot/5.0; +http://OpenLinkProfiler.org/bot )
WhatsApp/2.16.42 A
Mozilla/5.0 (compatible; Cliqzbot/0.1 +http://cliqz.com/company/cliqzbot)
Speedy Spider (http://www.entireweb.com/about/search_tech/speedy_spider/)
Mozilla/5.0 (iPhone; CPU iPhone OS 9_1 like Mac OS X) AppleWebKit/601.1.46 (KHTML, like Gecko) Version/9.0 Mobile/13B143 Safari/601.1 (compatible; Baiduspider-render/2.0;  http://www.baidu.com/search/spider.html)
panscient.com
Jetty/9.3.z-SNAPSHOT
Mozilla/5.0 (compatible; heritrix/1.12.1b +http://netarkivet.dk/website/info.html)
WhatsApp/2.12.556 A
Mozilla/5.0 (compatible; MJ12bot/v1.3.3; http://www.majestic12.co.uk/bot.php?+)
Mozilla/4.0 (compatible; grub-client-1.0.5; Crawl your own stuff with http://grub.org)
Slack-ImgProxy 1.106 (+https://api.slack.com/robots)
Mozilla/5.0 (compatible; Yahoo! Slurp; http://help.yahoo.com/help/us/ysearch/slurp)
Mozilla/5.0 (Macintosh; Intel Mac OS X 10_13_3) AppleWebKit/537.36 (KHTML, like Gecko) Chrome/65.0.3325.162 Safari/537.36
Mozilla/2.0 (compatible; Ask Jeeves/Teoma; +http://about.ask.com/en/docs/about/webmasters.shtml)
WhatsApp/2.12.449 A
Mozilla/5.0 (compatible; ExtLinksBot/1.5 +https://extlinks.com/Bot.html)
DoCoMo/2.0 P901i(c100;TB;W24H11) (compatible; ichiro/mobile goo; +http://help.goo.ne.jp/door/crawler.html)
ltx71 - (http://ltx71.com/)
Mozilla/5.0 (compatible; Sysomos/1.0; +http://www.sysomos.com/; Sysomos)
EZID (EZID link checker; https://ezid.cdlib.org/)
newspaper/0.2.6
Mozilla/5.0 (X11; Ubuntu; Linux i686; rv:14.0; ips-agent) Gecko/20100101 Firefox/14.0.1
Mozilla/5.0 (compatible; adidxbot/2.0; +http://www.bing.com/bingbot.htm)
Mozilla/5.0 (compatible; spbot/4.0.4; +http://www.seoprofiler.com/bot )
Mozilla/5.0 (compatible; archive.org_bot/heritrix-1.15.4 +http://www.archive.org)
Barkrowler/0.5.1 (experimenting / debugging - sorry for your logs ) http://www.exensa.com/crawl - admin@exensa.com -- based on BuBiNG
Mozilla/5.0 (compatible; NerdByNature.Bot; http://www.nerdbynature.net/bot)
datagnionbot (+http://www.datagnion.com/bot.html)
Mozilla/5.0 (compatible; spbot/2.0; +http://www.seoprofiler.com/bot/ )
Mozilla/4.0 (compatible; MSIE 7.0; Windows NT 5.1; RetrevoPageAnalyzer; +http://www.retrevo.com/content/about-us)
Go-http-client/1.1
Sogou Pic Spider/3.0(+http://www.sogou.com/docs/help/webmasters.htm#07)
Mozilla/5.0 (compatible; Genieo/1.0 http://www.genieo.com/webfilter.html)
WhatsApp/2.12.15/i
http_get
Mozilla/5.0 (compatible; spbot/2.0.4; +http://www.seoprofiler.com/bot )
Mozilla/5.0 (compatible; OrangeBot/2.0; support.voilabot@orange.com)
Mozilla/5.0 (compatible; Embedly/0.2; +http://support.embed.ly/)
yacybot (/global; amd64 Linux 3.14.32-xxxx-grs-ipv6-64; java 1.7.0_75; Europe/en) http://yacy.net/bot.html
@LinkArchiver twitter bot
Seekbot/1.0 (http://www.seekbot.net/bot.html) RobotsTxtFetcher/1.2
OutclicksBot/2 +https://www.outclicks.net/agent/VjzDygCuk4ubNmg40ZMbFqT0sIh7UfOKk8s8ZMiupUR
istellabot-nutch/Nutch-1.10
A6-Indexer
ADmantX Platform Semantic Analyzer - ADmantX Inc. - www.admantx.com - support@admantx.com
psbot-image (+http://www.picsearch.com/bot.html)
www.deadlinkchecker.com XMLHTTP/1.0
Mozilla/5.0 (iPhone; CPU iPhone OS 6_0 like Mac OS X) AppleWebKit/536.26 (KHTML, like Gecko) Version/6.0 Mobile/10A5376e Safari/8536.25 (compatible; Googlebot/2.1; +http://www.google.com/bot.html)
Mozilla/5.0 (compatible; electricmonk/3.2.0 +https://www.duedil.com/our-crawler/)
Mozilla/5.0 (Macintosh; Intel Mac OS X 10_10_2) AppleWebKit/537.36 (KHTML, like Gecko) Chrome/44.0.2403.125 Safari/537.36 (compatible; KosmioBot/1.0; +http://kosm.io/bot.html)
yacybot (-global; amd64 Linux 2.6.32-042stab111.11; java 1.7.0_79; Europe/en) http://yacy.net/bot.html
W3C-checklink/4.3 [4.42] libwww-perl/5.808
Mozilla/5.0 (Macintosh; Intel Mac OS X 10_11_6) AppleWebKit/603.3.8 (KHTML, like Gecko) Version/10.1.2 Safari/603.3.8 (wewatchtgbu Market Insights; like quantcastbtot)
Mozilla/5.0 (compatible; YaK/1.0; http://linkfluence.com/; bot@linkfluence.com)
Mozilla/5.0 (compatible; EveryoneSocialBot/1.0; support@everyonesocial.com http://everyonesocial.com/)
yacybot (/global; amd64 Linux 3.16.0-4-amd64; java 1.7.0_75; America/en) http://yacy.net/bot.html
Mozilla/5.0 (compatible; adbeat_bot; +support@adbeat.com; support@adbeat.com)
rogerbot/1.1 (http://moz.com/help/guides/search-overview/crawl-diagnostics#more-help, rogerbot-crawler+pr4-crawler-15@moz.com)
Mozilla/5.0 (compatible; GrapeshotCrawler/2.0; +http://www.grapeshot.co.uk/crawler.php)
Mozilla/5.0 (compatible; DeuSu/5.0.2; +https://deusu.de/robot.html)
findlinks/2.0.2 (+http://wortschatz.uni-leipzig.de/findlinks/)
Speedy Spider (Entireweb; Beta/1.2; http://www.entireweb.com/about/search_tech/speedyspider/)
msnbot/2.0b (+http://search.msn.com/msnbot.htm)
Mozilla/5.0 (compatible; spbot/4.0b; +http://www.seoprofiler.com/bot )
ia_archiver-web.archive.org
yacybot (/global; amd64 Linux 3.13.0-83-generic; java 1.7.0_95; Europe/de) http://yacy.net/bot.html
facebookexternalhit/1.1 ( http://www.facebook.com/externalhit_uatext.php)
yacybot (-global; amd64 Linux 2.6.32-042stab116.1; java 1.7.0_79; Europe/en) http://yacy.net/bot.html
rogerbot/1.1 (http://moz.com/help/guides/search-overview/crawl-diagnostics#more-help, rogerbot-crawler+pr2-crawler-05@moz.com)
Mozilla/5.0 (compatible; Linux x86_64; Mail.RU_Bot/2.0; +http://go.mail.ru/
Mozilla/5.0 (compatible; NewShareCounts.com/1.0; +http://newsharecounts.com/crawler)
FAST-WebCrawler/3.7/FirstPage (atw-crawler at fast dot no;http://fast.no/support/crawler.asp)
Mozilla/5.0 (Linux; Android 6.0.1; Nexus 5X Build/MMB29P) AppleWebKit/537.36 (KHTML, like Gecko) Chrome/27.0.1453 Mobile Safari/537.36 (compatible; Googlebot/2.1; +http://www.google.com/bot.html)
Mozilla/5.0 (compatible; spbot/2.0.2; +http://www.seoprofiler.com/bot/ )
Mozilla/5.0 (Macintosh; Intel Mac OS X 10_8_2) AppleWebKit/537.13 (KHTML, like Gecko) Chrome/30.0.1599.66 Safari/537.13 Luminator-robots/2.0
AppEngine-Google; (+http://code.google.com/appengine; appid: example)
Mozilla/5.0 (compatible; heritrix/3.2.0 +http://www.mixdata.com)
Mozilla/5.0 (Windows NT 6.1) AppleWebKit/537.36 (KHTML, like Gecko) Chrome/65.0.3309.6 Safari/537.36
psbot-page (+http://www.picsearch.com/bot.html)
FAST Enterprise Crawler 6 used by Schibsted (webcrawl@schibstedsok.no)
yacybot (/global; amd64 Linux 3.14-0.bpo.1-amd64; java 1.7.0_55; Europe/de) http://yacy.net/bot.html
AdsBot-Google ( http://www.google.com/adsbot.html)
Mozilla/5.0 (Windows NT 6.1; WOW64) SkypeUriPreview Preview/0.5
MLBot (www.metadatalabs.com/mlbot)
Mozilla/5.0 (compatible; spbot/4.1.0; +http://OpenLinkProfiler.org/bot )
www.integromedb.org/Crawler
Mozilla/5.0 (compatible; MuckRack/1.0; +http://muckrack.com)
LCC (+http://corpora.informatik.uni-leipzig.de/crawler_faq.html)
yacybot (/global; amd64 Linux 3.13.0-83-generic; java 1.7.0_95; Europe/en) http://yacy.net/bot.html
Mozilla/4.0 (compatible; grub-client-1.5.3; Crawl your own stuff with http://grub.org)
Cliqzbot/0.1 (+http://cliqz.com/company/cliqzbot)
Pinterest/0.2 (+http://www.pinterest.com/bot.html)
W3C-checklink/4.2 [4.20] libwww-perl/5.803
rogerbot/1.0 (http://www.seomoz.org/dp/rogerbot, rogerbot-crawler@seomoz.org)
Apache-HttpClient/4.2.3 (java 1.5)
Mozilla/4.0 (compatible; grub-client-1.3.7; Crawl your own stuff with http://grub.org)
Google-Adwords-Instant (+http://www.google.com/adsbot.html)
Mozilla/5.0 (compatible; Baiduspider/2.0; +http://www.baidu.com/search/spider.html)
Mozilla/5.0 (compatible; spbot/4.0a; +http://www.seoprofiler.com/bot )
Mozilla/5.0 (compatible; MJ12bot/v1.4.2; http://www.majestic12.co.uk/bot.php?+)
Mozilla/5.0 (compatible; MJ12bot/v1.2.3; http://www.majestic12.co.uk/bot.php?+)
Aboundex/0.3 (http://www.aboundex.com/crawler/)
rogerbot/1.2 (http://moz.com/help/pro/what-is-rogerbot-, rogerbot-crawler+phaser-testing-crawler-01@moz.com)
Mozilla/5.0 (iPhone; CPU iPhone OS 7_0 like Mac OS X) AppleWebKit/537.51.1 (KHTML, like Gecko) Version/7.0 Mobile/11A465 Safari/9537.53 (compatible; bingbot/2.0;  http://www.bing.com/bingbot.htm)
Mozilla/5.0 (compatible; Jetslide; +http://jetsli.de/crawler)
Mozilla/5.0 (compatible; oBot/2.3.1; +http://filterdb.iss.net/crawler/)
Mozilla/5.0 (compatible; epicbot; +http://www.epictions.com/epicbot)
Mozilla/5.0 (compatible; MojeekBot/0.2; http://www.mojeek.com/bot.html)
DoCoMo/2.0 P900i(c100;TB;W24H11) (compatible; ichiro/mobile goo;+http://search.goo.ne.jp/option/use/sub4/sub4-1/)
findlinks/2.1.3 (+http://wortschatz.uni-leipzig.de/findlinks/)
Nuzzel
Gigabot/1.0
Mozilla/5.0 (compatible; imagecoccoc/1.0; +http://help.coccoc.com/searchengine)
ichiro/3.0 (http://search.goo.ne.jp/option/use/sub4/sub4-1/)
FAST-WebCrawler/3.8
Mozilla/5.0 (compatible;  Page2RSS/0.7; +http://page2rss.com/)
MeltwaterNews www.meltwater.com
Mozilla/5.0 (compatible; Yahoo Link Preview; https://help.yahoo.com/kb/mail/yahoo-link-preview-SLN23615.html)
WhatsApp/2.16.1/i
Mozilla/5.0 (X11; Linux x86_64) AppleWebKit/537.36 (KHTML, like Gecko; Google Web Preview) Chrome/41.0.2272.118 Safari/537.36
yacybot (/global; amd64 Linux 3.12.1; java 1.7.0_65; Europe/en) http://yacy.net/bot.html
Mozilla/4.0 (compatible; grub-client-1.2.1; Crawl your own stuff with http://grub.org)
Mozilla/5.0 (compatible; Exabot/3.0 (BiggerBetter); +http://www.exabot.com/go/robot)
Linguee Bot (http://www.linguee.com/bot)
Mozilla/5.0 (compatible; Blekkobot; ScoutJet; +http://blekko.com/about/blekkobot)
ichiro/2.0 (http://help.goo.ne.jp/door/crawler.html)
Mozilla/5.0 (Macintosh; Intel Mac OS X 10_10_1) AppleWebKit/600.2.5 (KHTML, like Gecko) Version/8.0.2 Safari/600.2.5 (Applebot/0.1;  http://www.apple.com/go/applebot)
Mozilla/5.0 (compatible; SMTBot/1.0; +http://www.similartech.com/smtbot)
Xenu Link Sleuth/1.3.8
Mozilla/5.0 (compatible; spbot/3.1; +http://www.seoprofiler.com/bot )
Mozilla/5.0 (compatible; Applebot/0.3; +http://www.apple.com/go/applebot)
APIs-Google (+https://developers.google.com/webmasters/APIs-Google.html)
check_http/v2.2.1 (nagios-plugins 2.2.1)
msnbot-media/2.0b (+http://search.msn.com/msnbot.htm)
Mozilla/5.0 (compatible; MSIE 9.0; Windows NT 6.1; Trident/5.0); 360Spider
Mozilla/5.0 (compatible; spbot/2.0.3; +http://www.seoprofiler.com/bot/ )
ichiro/2.0 (ichiro@nttr.co.jp)
b
Mozilla/5.0 (compatible; NetcraftSurveyAgent/1.0; +info@netcraft.com)
Mozilla/5.0 (compatible; MSIE 9.0; Windows NT 6.1; Trident/5.0;  WOW64;  Trident/5.0;  BingPreview/1.0b)
Mozilla/5.0 (Windows; U; Windows NT 5.1; en-US) Speedy Spider for SpeedyAds (http://www.entireweb.com/about/search_tech/speedy_spider/)
Mozilla/5.0 (iPhone; CPU iPhone OS 6_0 like Mac OS X) AppleWebKit/536.26 (KHTML, like Gecko) Version/6.0 Mobile/10A5376e Safari/8536.25 (compatible; Applebot/0.3; +http://www.apple.com/go/applebot)
yacybot (-global; amd64 FreeBSD 9.2-RELEASE-p10; java 1.7.0_65; Europe/en) http://yacy.net/bot.html
AHC/2.0
BIGLOTRON (Beta 2;GNU/Linux)
yacybot (/global; amd64 Linux 3.16.0-4-amd64; java 1.7.0_79; Europe/en) http://yacy.net/bot.html
findlinks/1.1.6-beta1 (+http://wortschatz.uni-leipzig.de/findlinks/)
Mozilla/5.0 (compatible; Lipperhey SEO Service; http://www.lipperhey.com/)
findlinks/2.1 (+http://wortschatz.uni-leipzig.de/findlinks/)
Mozilla/5.0 (Windows; U; Windows NT 5.1; zh-CN; rv:1.8.0.11) Firefox/1.5.0.11 360Spider;
yacybot (/global; amd64 Linux 2.6.32-042stab093.4; java 1.7.0_65; Etc/en) http://yacy.net/bot.html
Mozilla/5.0 (compatible; heritrix/1.14.2 +http://rjpower.org)
OutclicksBot/2 +https://www.outclicks.net/agent/PryJzTl8POCRHfvEUlRN5FKtZoWDQOBEvFJ2wh6KH5J
Mozilla/5.0 (Windows NT 6.1; compatible; BDCbot/1.0; +http://bigweb.bigdatacorp.com.br/faq.aspx) AppleWebKit/537.36 (KHTML, like Gecko) Chrome/41.0.2272.118 Safari/537.36
yacybot (-global; amd64 Linux 3.19.0-15-generic; java 1.8.0_45-internal; Europe/de) http://yacy.net/bot.html
Slack-ImgProxy 0.59 (+https://api.slack.com/robots)
NutchCVS/0.7.1 (Nutch; http://lucene.apache.org/nutch/bot.html; nutch-agent@lucene.apache.org)
Mozilla/4.0 (compatible; grub-client-0.3.0; Crawl your own stuff with http://grub.org)
Mozilla/5.0 (Macintosh; Intel Mac OS X 10_10_1) AppleWebKit/600.2.5 (KHTML, like Gecko) Version/8.0.2 Safari/600.2.5 (Applebot/0.1; +http://www.apple.com/go/applebot)
msnbot/1.1 (+http://search.msn.com/msnbot.htm)
Apache-HttpClient/4.4.1 (Java/1.8.0_65)
msnbot-media/1.0 (+http://search.msn.com/msnbot.htm)
Mozilla/5.0 (compatible; MJ12bot/v1.3.0; http://www.majestic12.co.uk/bot.php?+)
Mozilla/5.0 (compatible; MJ12bot/v1.3.2; http://www.majestic12.co.uk/bot.php?+)
Mozilla/5.0 (compatible; BomboraBot/1.0; +http://www.bombora.com/bot)
WhatsApp
Mozilla/5.0 (iPhone; CPU iPhone OS 9_1 like Mac OS X) AppleWebKit/601.1.46 (KHTML, like Gecko) Version/9.0 Mobile/13B143 Safari/601.1 (compatible; AdsBot-Google-Mobile;  http://www.google.com/mobile/adsbot.html)
yacybot (-global; amd64 Linux 3.2.0-4-amd64; java 1.7.0_67; Europe/en) http://yacy.net/bot.html
ConveraCrawler/0.9e (+http://ews.converasearch.com/crawl.htm)
Mozilla/5.0 (compatible; spbot/4.0.7; +http://OpenLinkProfiler.org/bot )
Mozilla/5.0 (compatible; heritrix/1.14.4 +http://www.exif-search.com)
Domain Re-Animator Bot (http://domainreanimator.com) - support@domainreanimator.com
Mozilla/5.0 (X11; Linux x86_64) AppleWebKit/537.36 (KHTML, like Gecko) Ubuntu Chromium/59.0.3071.109 Chrome/59.0.3071.109 Safari/537.36 PingdomPageSpeed/1.0 (pingbot/2.0; +http://www.pingdom.com/)
Mozilla/5.0 (compatible; AndersPinkBot/1.0; +http://anderspink.com/bot.html)
Mozilla/5.0 (compatible; RankActiveLinkBot; +https://rankactive.com/resources/rankactive-linkbot)
Mozilla/5.0 (Linux; Android 6.0.1; Nexus 5X Build/MMB29P) AppleWebKit/537.36 (KHTML, like Gecko) Chrome/41.0.2272.96 Mobile Safari/537.36 (compatible; Googlebot/2.1;  http://www.google.com/bot.html)
ichiro/5.0 (http://help.goo.ne.jp/door/crawler.html)
Mozilla/5.0 (compatible; Mail.RU_Bot/2.0; +http://go.mail.ru/
Mozilla/5.0 (compatible; MSIE 10.0; Windows NT 6.2; Trident/6.0;  WOW64;  Trident/6.0;  BingPreview/1.0b)
Mozilla/5.0 (compatible; bingbot/2.0;  http://www.bing.com/bingbot.htm)
Mozilla/5.0 (compatible; rogerBot/1.0; UrlCrawler; http://www.seomoz.org/dp/rogerbot)
TelegramBot (like TwitterBot)
Mozilla/5.0 (compatible; bingbot/2.0; +http://www.bing.com/bingbot.htm)
Mozilla/5.0 (compatible; Alexabot/1.0; +http://www.alexa.com/help/certifyscan; certifyscan@alexa.com)
yacybot (/global; amd64 Linux 3.16.0-4-amd64; java 1.7.0_91; Europe/de) http://yacy.net/bot.html
Mozilla/5.0 (compatible; SeznamBot/3.2-test2; +http://napoveda.seznam.cz/en/seznambot-intro/)
Mozilla/5.0 (iPhone; CPU iPhone OS 7_0 like Mac OS X) AppleWebKit/537.51.1 (KHTML, like Gecko) Version/7.0 Mobile/11A465 Safari/9537.53 (compatible; adidxbot/2.0; +http://www.bing.com/bingbot.htm)
W3C-checklink/2.90 libwww-perl/5.64
WGETbot/1.0 (+http://wget.alanreed.org)
Mozilla/5.0 (compatible; um-LN/1.0; mailto: techinfo@ubermetrics-technologies.com)
Mozilla/5.0 (compatible; spbot/3.0; +http://www.seoprofiler.com/bot )
YisouSpider
Facebot/1.0
Mozilla/5.0 (compatible; MojeekBot/0.5; http://www.mojeek.com/bot.html)
Mozilla/5.0 (compatible; SeznamBot/3.2-test1-1; +http://napoveda.seznam.cz/en/seznambot-intro/)
Mozilla/5.0 (compatible; MJ12bot/v1.4.5; http://www.majestic12.co.uk/bot.php?+)
yacybot (/global; amd64 Linux 3.13.0-88-generic; java 1.7.0_101; Europe/en) http://yacy.net/bot.html
yacybot (/global; amd64 Linux 3.16.0-4-amd64; java 1.7.0_95; Europe/en) http://yacy.net/bot.html
Mozilla/5.0 (compatible; heritrix/3.1.0-RC1 +http://boston.lti.cs.cmu.edu/crawler_12/)
Slack-ImgProxy (+https://api.slack.com/robots)
Mozilla/5.0 (compatible; spbot/4.0.8; +http://OpenLinkProfiler.org/bot )
WhatsApp/2.12.16/i
Mozilla/5.0 (seoanalyzer; compatible; bingbot/2.0; +http://www.bing.com/bingbot.htm)
Companybook-Crawler (+https://www.companybooknetworking.com/)
Mozilla/5.0 (compatible; heritrix/2.0.2 +http://aihit.com)
Mozilla/5.0+(compatible;+PiplBot;+http://www.pipl.com/bot/)
Mozilla/5.0 (compatible; proximic; +http://www.proximic.com/info/spider.php)
Mozilla/5.0 (compatible; MJ12bot/v1.4.7; http://mj12bot.com/)
Mozilla/5.0 (compatible; DotBot/1.1; http://www.opensiteexplorer.org/dotbot, help@moz.com)
findlinks/1.1.6-beta1 (+http://wortschatz.uni-leipzig.de/findlinks/; YaCy 0.1; yacy.net)
Mozilla/5.0 (compatible; heritrix/1.12.1 +http://www.webarchiv.cz)
yacybot (/global; amd64 Linux 2.6.32-042stab108.8; java 1.7.0_91; America/en) http://yacy.net/bot.html
PocketParser/2.0 (+https://getpocket.com/pocketparser_ua)
findlinks/1.1.6-beta5 (+http://wortschatz.uni-leipzig.de/findlinks/)
Mozilla/5.0 (compatible; OpenHoseBot/2.1; +http://www.openhose.org/bot.html)
Mozilla/5.0 (compatible; spbot/5.0.2; +http://OpenLinkProfiler.org/bot )
Wotbox/2.0 (bot@wotbox.com; http://www.wotbox.com)
Mozilla/5.0 (Windows NT 10.0; Win64; x64) AppleWebKit/537.36 (KHTML, like Gecko) Chrome/57.0.2987.133 Safari/537.36
Mozilla/5.0 (compatible; Googlebot/2.1;  http://www.google.com/bot.html)
Mozilla/5.0 (compatible; spbot/4.3.0; +http://OpenLinkProfiler.org/bot )
Mozilla/5.0 (compatible; Embedly/0.2; snap; +http://support.embed.ly/)
Mozilla/5.0 (compatible; spbot/4.4.2; +http://OpenLinkProfiler.org/bot )
Mozilla/5.0 (compatible; heritrix/3.2.0 +http://www.exif-search.com)
Mozilla/5.0 (compatible; Yahoo! Slurp/3.0; http://help.yahoo.com/help/us/ysearch/slurp)
CyberPatrol SiteCat Webbot (http://www.cyberpatrol.com/cyberpatrolcrawler.asp)
Mozilla/5.0 (compatible; bnf.fr_bot; +http://www.bnf.fr/fr/outils/a.dl_web_capture_robot.html)
BlackBerry9000/4.6.0.167 Profile/MIDP-2.0 Configuration/CLDC-1.1 VendorID/102 ips-agent
Mozilla/5.0 (compatible; YandexBot/3.0;  http://yandex.com/bots)
FAST-WebCrawler/3.6/FirstPage (atw-crawler at fast dot no;http://fast.no/support/crawler.asp)
Mozilla/5.0 (compatible; MojeekBot/0.2; http://www.mojeek.com/bot.html#relaunch)
Mozilla/5.0 (compatible; bnf.fr_bot; +http://bibnum.bnf.fr/robot/bnf.html)
Fyrebot/1.0
Mozilla/5.0 (compatible; PaperLiBot/2.1; http://support.paper.li/entries/20023257-what-is-paper-li)
www.deadlinkchecker.com XMLHTTP/1.0 Mozilla/5.0 (Windows NT 6.1; WOW64) AppleWebKit/537.36 (KHTML, like Gecko) Chrome/46.0.2490.86 Safari/537.36
it2media-domain-crawler/1.0 on crawler-prod.it2media.de
Mozilla/5.0 (compatible; heritrix/3.0.0-SNAPSHOT-20091120.021634 +http://crawler.archive.org)
Mozilla/5.0 (compatible; DuckDuckGo-Favicons-Bot/1.0; +http://duckduckgo.com)
a
Mozilla/5.0 (compatible; spbot/1.2; +http://www.seoprofiler.com/bot/ )
adidxbot/2.0 (+http://search.msn.com/msnbot.htm)
Mozilla/5.0 (Windows; U; Windows NT 5.1; zh-CN; rv:1.8.0.11)  Firefox/1.5.0.11; 360Spider
SafeSearch microdata crawler (https://safesearch.avira.com, safesearch-abuse@avira.com)
Mozilla/5.0 (compatible; Veoozbot/1.0; +http://www.veooz.com/veoozbot.html)
2Bone_LinkChecker/1.0 libwww-perl/6.03
FAST-WebCrawler/3.7 (atw-crawler at fast dot no; http://fast.no/support/crawler.asp)
W3C-checklink/4.3 [4.42] libwww-perl/5.805
Mozilla/5.0 (Windows NT 6.3; WOW64; Trident/7.0; rv:11.0; BingPreview/1.0b) like Gecko
SemanticScholarBot/1.0 (+http://s2.allenai.org/bot.html)
Sogou News Spider/4.0(+http://www.sogou.com/docs/help/webmasters.htm#07)
Mozilla/5.0 (compatible; bingbot/2.0; +http://www.bing.com/bingbot.htm) SitemapProbe
Mozilla/5.0 (compatible; MJ12bot/v1.2.1; http://www.majestic12.co.uk/bot.php?+)
W3C-checklink/4.2.1 [4.21] libwww-perl/5.803
Mozilla/5.0 (compatible; spbot/4.0.7; +https://www.seoprofiler.com/bot )
Mozilla/5.0 (compatible; SMTBot/1.0; http://www.similartech.com/smtbot)
msnbot/1.0 (+http://search.msn.com/msnbot.htm)
Mozilla/5.0 (compatible; Gowikibot/1.0; +http://www.gowikibot.com)
ec2linkfinder
Mozilla/5.0 (compatible; woriobot +http://worio.com)
Mozilla/5.0 (compatible;contxbot/1.0)
Mozilla/5.0 (compatible; heritrix/3.3.0-SNAPSHOT-20140702-2247 +http://archive.org/details/archive.org_bot)
ArchiveTeam ArchiveBot/20170106.02 (wpull 2.0.2)
Mozilla/5.0 (compatible; spbot/1.1; +http://www.seoprofiler.com/bot/ )
Mozilla/5.0 (iPhone; CPU iPhone OS 8_3 like Mac OS X) AppleWebKit/537.36 (KHTML, like Gecko) Version/8.0 Mobile/12F70 Safari/600.1.4 (compatible; Googlebot/2.1; +http://www.google.com/bot.html)
nerdybot
Mozilla/5.0 (compatible; heritrix/1.14.4 +http://parsijoo.ir)
Googlebot-Image/1.0
WhatsApp/2.12.540 A
findlinks/2.0.4 (+http://wortschatz.uni-leipzig.de/findlinks/)
yacybot (/global; amd64 Linux 3.13.0-042stab093.4; java 1.7.0_79; Europe/de) http://yacy.net/bot.html
SocialRankIOBot; http://socialrank.io/about
Python-urllib/2.7 (+http://aranea.juls.savba.sk/aranea_about.html)
coccoc/1.0 (http://help.coccoc.vn/)
Mozilla/5.0 (Windows; U; Windows NT 5.1; en-US; rv:1.8.1.6) Gecko/20070725 Firefox/2.0.0.6 - James BOT - WebCrawler http://cognitiveseo.com/bot.html
Mozilla/5.0 (compatible; adidxbot/2.0;  http://www.bing.com/bingbot.htm)
Mozilla/5.0 (iPhone; U; CPU iPhone OS 10_0 like Mac OS X; en-us) AppleWebKit/602.1.38 (KHTML, like Gecko) Version/10.0 Mobile/14A5297c Safari/602.1 (compatible; Mediapartners-Google/2.1; +http://www.google.com/bot.html)
Linguee Bot (http://www.linguee.com/bot; bot@linguee.com)
Googlebot/2.1 (+http://www.google.com/bot.html)
WeSEE:Search
Mediatoolkitbot (complaints@mediatoolkit.com)
binlar_2.6.3 phanendra_kalapala@McAfee.com
Thinklab (thinklab.com)
msnbot/2.0b (+http://search.msn.com/msnbot.htm).
Mozilla/5.0 (compatible; linkdexbot/2.1; +http://www.linkdex.com/about/bots/)
magpie-crawler/1.1 (U; Linux amd64; en-GB; +http://www.brandwatch.net)
Mozilla/4.0 (compatible; grub-client-1.0.4; Crawl your own stuff with http://grub.org)
amibot - http://www.amidalla.de - tech@amidalla.com libwww-perl/5.831
Mozilla/5.0 (iPhone; CPU iPhone OS 6_0 like Mac OS X) AppleWebKit/536.26 (KHTML, like Gecko) Version/6.0 Mobile/10A5376e Safari/8536.25 (compatible; Googlebot-Mobile/2.1; +http://www.google.com/bot.html)
iskanie (+http://www.iskanie.com)
Mozilla/5.0 (compatible; AhrefsBot/5.2; News; +http://ahrefs.com/robot/)
Mozilla/5.0 (compatible; Googlebot/2.1; +http://www.google.com/bot.html)
yacybot (-global; amd64 Windows 8.1 6.3; java 1.7.0_55; Europe/de) http://yacy.net/bot.html
Apache-HttpClient/4.2.5 (java 1.5)
Mozilla/5.0 Moreover/5.1 (+http://www.moreover.com)
SMTBot (similartech.com/smtbot)
it2media-domain-crawler/2.0
Mozilla/5.0 (Windows; U; Windows NT 5.1; zh-CN; )  Firefox/1.5.0.11; 360Spider
rogerbot/1.0 (http://moz.com/help/pro/what-is-rogerbot-, rogerbot-crawler+shiny@moz.com)
Mozilla/5.0 (compatible; SemrushBot/0.98~bl; +http://www.semrush.com/bot.html)
